{
    "stsServer": "https://login-dev.windstream.com",
    "redirect_url": "https://localhost:44311",
    "client_id": "ebf3ba22-f0ba-4012-ae6b-468ed1a123c6",
    "response_type": "code",
    "scope": "openid profile",
    "post_logout_redirect_uri": "https://localhost:44311",
    "start_checksession": true,
    "silent_renew": true,
    "silent_renew_url": "https://localhost:44311/silent-renew.html",
    "post_login_route": "/home",
    "forbidden_route": "/forbidden",
    "unauthorized_route": "/unauthorized",
    "log_console_warning_active": true,
    "log_console_debug_active": true,
    "max_id_token_iat_offset_allowed_in_seconds": 10
}